"1","François","La gestion des déchets","2018-02-27",NULL,NULL,"psychologie"
"2","Simon","combattre la depression","2018-02-27",NULL,NULL,"psychologie"
"3","Alexis","Ou trouver les meilleurs café","2018-02-27",NULL,NULL,"découverte"
"4","Samuel","Les echecs de levolution humaine","2018-02-27",NULL,NULL,"préhistoire"
"5","Julien","Devenir quelquun pour les fragile","2018-02-27",NULL,NULL,"fantastique"
"6","Tony","apprendre à faire des fonctions sans resultat","2018-02-27",NULL,NULL,"développement"
"7","Caroline","savoir laver ses chaussures","2018-02-27",NULL,NULL,"politique"
"8","Gautier","travailler pour echouer","2018-02-27",NULL,NULL,"sentimentale"
"9","Jordan","vivre avec un handicap","2018-02-27",NULL,NULL,"médecine"
"10","Laure","travailler avec des moins que rien","2018-02-27",NULL,NULL,"psychologie"
